id,user_id,order_date,status
1,13,2025-06-24,completed
2,43,2024-11-21,completed
3,47,2025-03-29,completed
4,32,2024-10-21,shipped
5,5,2024-08-27,shipped
6,34,2024-12-10,return_pending
7,54,2024-10-03,return_pending
8,32,2024-11-10,returned
9,60,2024-10-28,returned
10,16,2024-08-23,shipped
11,29,2025-02-11,placed
12,24,2025-04-09,return_pending
13,12,2025-03-19,completed
14,53,2025-03-13,shipped
15,80,2025-06-03,shipped
16,14,2025-01-22,completed
17,4,2025-03-21,shipped
18,78,2024-09-24,completed
19,71,2025-02-15,completed
20,29,2024-11-08,shipped
21,30,2025-01-29,completed
22,47,2024-12-05,completed
23,6,2025-04-17,shipped
24,57,2025-07-07,shipped
25,80,2025-01-10,shipped
26,75,2025-07-06,completed
27,44,2025-05-12,completed
28,45,2024-09-10,completed
29,63,2025-05-01,completed
30,34,2025-06-20,completed
31,22,2025-07-09,placed
32,68,2024-11-19,completed
33,27,2025-03-16,completed
34,56,2025-03-19,completed
35,28,2024-10-12,completed
36,29,2024-09-10,placed
37,42,2025-06-16,completed
38,60,2024-12-30,shipped
39,69,2024-09-27,completed
40,54,2025-04-04,shipped
41,34,2025-05-30,placed
42,44,2025-01-16,completed
43,50,2025-04-25,completed
44,54,2025-04-04,completed
45,67,2024-11-24,return_pending
46,31,2025-03-22,completed
47,40,2025-03-26,shipped
48,13,2024-12-02,return_pending
49,44,2025-02-15,shipped
50,70,2024-09-07,placed
51,75,2025-03-15,completed
52,23,2025-06-08,completed
53,33,2025-03-25,shipped
54,72,2024-11-06,shipped
55,2,2024-10-17,completed
56,49,2024-09-09,returned
57,54,2025-01-28,completed
58,74,2024-11-30,return_pending
59,70,2025-03-03,completed
60,2,2025-01-21,completed
61,26,2025-03-09,completed
62,22,2024-09-08,completed
63,13,2025-01-14,completed
64,23,2025-05-13,return_pending
65,40,2024-10-21,completed
66,50,2024-10-05,placed
67,18,2025-08-02,return_pending
68,69,2025-01-02,placed
69,28,2025-06-16,shipped
70,76,2025-02-07,completed
71,30,2025-01-10,placed
72,71,2025-03-19,shipped
73,27,2025-04-12,completed
74,37,2025-06-25,returned
75,67,2024-11-18,shipped
76,41,2025-03-28,shipped
77,59,2024-11-27,completed
78,4,2025-05-07,completed
79,44,2025-05-08,shipped
80,32,2024-12-10,placed
81,24,2025-01-22,completed
82,7,2025-01-22,returned
83,28,2024-09-06,completed
84,17,2024-11-26,completed
85,30,2025-05-02,completed
86,29,2025-07-12,shipped
87,68,2025-04-02,completed
88,5,2025-02-15,completed
89,74,2025-06-06,completed
90,1,2024-08-11,shipped
91,66,2024-11-14,completed
92,31,2025-07-23,returned
93,40,2025-06-03,completed
94,24,2025-03-12,shipped
95,66,2024-08-11,placed
96,73,2025-03-25,shipped
97,48,2025-02-04,return_pending
98,59,2025-06-14,completed
99,31,2025-03-19,placed
100,67,2024-11-01,completed
101,59,2025-05-06,completed
102,77,2024-11-21,completed
103,53,2024-08-20,completed
104,5,2025-06-13,completed
105,37,2024-09-14,shipped
106,43,2025-05-23,placed
107,9,2025-08-02,completed
108,26,2025-07-14,placed
109,13,2024-12-11,shipped
110,38,2025-08-02,shipped
111,29,2024-12-05,shipped
112,23,2025-03-21,placed
113,80,2025-05-21,shipped
114,76,2024-12-30,shipped
115,12,2024-12-19,shipped
116,26,2025-01-11,returned
117,2,2025-02-26,placed
118,72,2025-03-09,shipped
119,22,2025-06-23,completed
120,73,2025-04-07,completed
121,80,2024-08-14,shipped
122,60,2024-10-25,completed
123,21,2025-01-21,return_pending
124,41,2024-12-08,shipped
125,4,2025-04-20,shipped
126,58,2025-07-17,returned
127,52,2025-01-22,completed
128,53,2024-10-16,completed
129,15,2025-06-09,returned
130,74,2025-03-29,shipped
131,71,2024-10-01,completed
132,44,2025-05-09,shipped
133,3,2024-12-22,placed
134,12,2024-09-17,completed
135,43,2024-12-19,returned
136,71,2025-06-07,placed
137,78,2024-11-12,return_pending
138,23,2025-04-15,completed
139,68,2025-06-07,completed
140,6,2025-01-05,shipped
141,67,2024-08-25,completed
142,20,2024-10-10,shipped
143,12,2024-10-09,placed
144,53,2024-11-23,completed
145,1,2024-10-31,completed
146,68,2025-01-26,shipped
147,19,2025-07-11,completed
148,51,2025-07-06,completed
149,5,2024-08-27,completed
150,11,2025-07-08,completed
151,68,2025-04-04,completed
152,41,2025-05-07,shipped
153,4,2024-12-06,completed
154,79,2024-10-01,completed
155,21,2024-08-14,shipped
156,35,2024-10-14,placed
157,61,2025-04-25,placed
158,48,2025-07-07,completed
159,45,2025-06-09,completed
160,36,2025-03-09,shipped
161,15,2024-09-03,completed
162,12,2024-10-29,shipped
163,26,2024-10-04,completed
164,66,2024-09-01,shipped
165,24,2024-10-11,return_pending
166,40,2025-02-08,shipped
167,57,2025-07-17,completed
168,17,2025-01-14,completed
169,26,2025-05-18,completed
170,61,2024-09-23,returned
171,20,2024-09-09,completed
172,9,2024-10-12,completed
173,65,2024-09-29,completed
174,45,2024-11-01,completed
175,13,2024-08-30,completed
176,6,2025-03-27,returned
177,26,2024-11-10,returned
178,2,2025-03-06,completed
179,21,2025-06-19,return_pending
180,73,2025-03-21,completed
181,44,2024-09-28,completed
182,20,2025-02-02,completed
183,21,2025-04-02,shipped
184,32,2024-09-07,return_pending
185,42,2025-08-03,return_pending
186,39,2025-02-14,completed
187,66,2024-10-17,completed
188,69,2025-01-22,completed
189,6,2024-11-15,shipped
190,17,2025-06-23,returned
191,67,2025-02-15,returned
192,23,2024-12-21,return_pending
193,58,2024-12-19,returned
194,27,2024-11-22,completed
195,56,2025-03-23,shipped
196,74,2025-01-21,completed
197,34,2025-05-19,shipped
198,5,2024-11-03,completed
199,3,2025-05-05,shipped
200,35,2024-08-31,returned
201,12,2024-10-29,completed
202,35,2025-06-12,placed
203,42,2025-04-26,shipped
204,17,2025-05-23,returned
205,20,2025-07-10,returned
206,40,2024-12-26,completed
207,33,2025-01-19,completed
208,44,2025-04-24,shipped
209,73,2024-08-24,completed
210,8,2025-06-25,placed
211,23,2025-06-16,placed
212,12,2025-04-24,return_pending
213,80,2025-02-27,shipped
214,33,2025-06-20,completed
215,13,2024-12-15,shipped
216,57,2025-06-14,completed
217,44,2025-01-22,placed
218,63,2024-12-17,completed
219,21,2025-03-26,completed
220,62,2024-10-31,placed
221,62,2025-05-13,shipped
222,36,2024-10-04,return_pending
223,3,2025-03-31,return_pending
224,8,2025-05-03,completed
225,7,2024-10-15,return_pending
226,59,2024-08-09,shipped
227,76,2024-08-26,return_pending
228,75,2025-02-24,shipped
229,74,2025-07-02,shipped
230,59,2025-03-01,completed
231,51,2024-10-26,completed
232,78,2024-11-27,completed
233,36,2024-10-21,completed
234,65,2025-01-10,returned
235,41,2025-05-24,shipped
236,33,2024-11-23,return_pending
237,26,2025-06-25,completed
238,51,2024-12-05,completed
239,78,2024-10-16,completed
240,78,2024-11-06,completed
241,26,2025-03-20,completed
242,51,2025-04-12,completed
243,63,2025-01-10,completed
244,64,2024-09-28,shipped
245,20,2025-03-03,completed
246,39,2024-12-19,completed
247,38,2025-02-11,completed
248,48,2025-07-19,return_pending
249,78,2025-08-01,completed
250,62,2025-06-25,completed
251,10,2025-04-27,shipped
252,34,2025-07-31,shipped
253,74,2025-04-07,placed
254,40,2025-03-17,completed
255,69,2025-03-10,shipped
256,59,2025-06-16,return_pending
257,61,2024-12-21,placed
258,43,2025-03-26,completed
259,3,2025-07-02,completed
260,68,2024-08-24,completed
261,9,2025-05-12,return_pending
262,18,2025-04-25,placed
263,69,2025-03-05,returned
264,51,2025-05-10,placed
265,3,2024-12-26,returned
266,8,2025-01-16,completed
267,14,2025-03-13,returned
268,51,2025-06-28,shipped
269,30,2025-04-22,completed
270,70,2025-05-02,completed
271,14,2024-11-06,placed
272,79,2024-10-26,completed
273,45,2025-01-14,returned
274,63,2025-05-06,completed
275,11,2024-10-20,shipped
276,7,2025-01-26,completed
277,24,2025-05-02,completed
278,61,2025-01-03,return_pending
279,57,2024-08-20,placed
280,12,2025-04-13,shipped
281,50,2024-11-03,completed
282,72,2025-06-07,completed
283,69,2025-04-10,placed
284,37,2025-06-09,completed
285,12,2024-10-08,shipped
286,43,2025-03-13,returned
287,2,2025-03-08,completed
288,50,2025-05-03,completed
289,40,2025-07-11,return_pending
290,12,2024-11-19,completed
291,43,2024-12-27,completed
292,57,2024-11-14,shipped
293,49,2024-08-23,completed
294,32,2024-09-01,shipped
295,59,2025-01-28,completed
296,36,2025-06-28,completed
297,4,2025-01-10,return_pending
298,58,2025-03-12,completed
299,76,2024-11-21,shipped
300,58,2024-08-11,completed
301,30,2025-03-03,return_pending
302,24,2025-04-15,return_pending
303,45,2025-01-27,completed
304,49,2025-06-19,returned
305,25,2024-09-07,completed
306,45,2024-12-26,completed
307,42,2024-10-31,completed
308,34,2024-10-29,completed
309,10,2024-12-15,placed
310,67,2025-05-08,completed
311,7,2024-12-26,placed
312,68,2025-04-14,placed
313,14,2025-05-10,placed
314,64,2025-06-13,completed
315,37,2024-12-16,shipped
316,40,2025-07-17,returned
317,2,2025-05-05,shipped
318,19,2025-05-12,shipped
319,48,2025-02-27,returned
320,57,2025-04-02,completed
321,40,2025-07-14,placed
322,47,2025-04-11,shipped
323,57,2025-07-22,return_pending
324,62,2024-10-29,completed
325,67,2024-10-12,completed
326,51,2025-04-13,completed
327,65,2025-07-31,returned
328,5,2025-03-26,return_pending
329,13,2025-02-28,return_pending
330,47,2024-12-17,shipped
331,6,2025-06-23,completed
332,35,2025-02-07,completed
333,73,2025-06-06,completed
334,13,2025-05-14,completed
335,48,2025-01-11,return_pending
336,66,2025-02-01,completed
337,68,2025-03-05,return_pending
338,8,2025-05-02,shipped
339,39,2025-06-10,shipped
340,12,2025-06-13,completed
341,5,2024-08-21,completed
342,1,2025-01-18,placed
343,63,2024-10-22,shipped
344,52,2024-08-30,returned
345,20,2025-04-06,completed
346,57,2025-06-01,shipped
347,62,2024-10-18,placed
348,41,2024-11-21,placed
349,62,2025-03-03,completed
350,45,2025-01-17,completed
351,49,2024-11-26,completed
352,29,2025-04-19,shipped
353,59,2024-09-15,shipped
354,1,2024-12-23,placed
355,72,2025-01-30,placed
356,47,2025-05-02,completed
357,3,2025-03-07,return_pending
358,34,2025-05-08,shipped
359,23,2025-06-04,completed
360,62,2025-05-31,placed
361,26,2024-12-31,shipped
362,7,2025-03-13,completed
363,72,2025-01-26,completed
364,72,2024-10-18,shipped
365,26,2024-10-09,placed
366,53,2024-12-13,completed
367,10,2024-10-22,completed
368,44,2025-03-08,completed
369,17,2025-04-09,completed
370,65,2024-12-05,completed
371,54,2025-05-24,return_pending
372,4,2024-09-13,placed
373,1,2025-05-23,shipped
374,35,2024-09-16,completed
375,65,2024-11-25,completed
376,3,2024-11-03,completed
377,45,2024-12-18,return_pending
378,70,2025-03-05,completed
379,57,2025-04-26,returned
380,32,2025-03-03,returned
381,48,2024-12-17,returned
382,40,2025-06-28,completed
383,24,2025-03-17,completed
384,1,2025-02-20,return_pending
385,3,2025-04-24,completed
386,15,2025-07-15,completed
387,33,2025-07-15,completed
388,21,2025-08-01,return_pending
389,9,2025-06-29,placed
390,62,2025-01-06,completed
391,66,2025-02-27,shipped
392,39,2025-05-14,completed
393,53,2025-06-25,placed
394,23,2025-07-17,completed
395,31,2025-06-24,placed
396,46,2024-09-14,shipped
397,43,2025-05-07,completed
398,67,2025-01-11,returned
399,58,2024-10-08,completed
400,49,2025-06-26,shipped
401,11,2024-09-18,returned
402,2,2024-12-11,shipped
403,40,2025-04-13,completed
404,63,2024-09-03,placed
405,77,2025-04-24,completed
406,15,2025-02-02,completed
407,10,2025-05-12,completed
408,59,2024-09-11,placed
409,72,2024-11-22,shipped
410,62,2025-01-31,return_pending
411,49,2024-12-30,returned
412,23,2025-02-21,return_pending
413,22,2024-10-25,placed
414,15,2024-11-22,completed
415,51,2025-06-06,returned
416,52,2025-05-23,completed
417,22,2024-11-27,returned
418,52,2025-06-27,shipped
419,2,2025-02-02,completed
420,17,2025-04-11,return_pending
421,58,2024-08-11,completed
422,44,2025-01-13,placed
423,8,2025-01-08,return_pending
424,73,2024-11-12,returned
425,71,2025-05-14,completed
426,62,2025-07-24,shipped
427,72,2024-12-18,completed
428,78,2025-05-24,placed
429,20,2024-11-14,completed
430,12,2025-06-22,shipped
431,13,2024-08-19,placed
432,68,2025-06-28,completed
433,49,2025-04-25,placed
434,65,2024-12-17,completed
435,27,2025-04-24,completed
436,10,2025-06-01,return_pending
437,33,2024-08-23,completed
438,10,2025-01-21,completed
439,39,2024-11-22,completed
440,4,2025-04-09,completed
441,3,2025-03-17,completed
442,57,2025-01-10,completed
443,28,2025-06-14,return_pending
444,29,2025-03-29,returned
445,64,2025-05-03,completed
446,30,2024-08-14,completed
447,64,2025-05-17,completed
448,31,2025-05-02,shipped
449,45,2024-12-18,returned
450,66,2024-09-15,completed
451,21,2025-07-30,placed
452,7,2024-12-19,placed
453,5,2025-06-26,shipped
454,29,2024-12-27,return_pending
455,22,2024-10-16,completed
456,18,2024-09-23,shipped
457,64,2024-10-18,completed
458,1,2024-11-19,shipped
459,3,2025-07-06,placed
460,66,2025-03-17,shipped
461,71,2025-01-02,placed
462,31,2025-04-14,shipped
463,68,2024-08-14,placed
464,29,2025-07-26,return_pending
465,11,2024-10-17,shipped
466,26,2025-07-31,completed
467,31,2025-02-07,completed
468,34,2024-11-06,shipped
469,75,2025-02-20,completed
470,48,2025-05-03,return_pending
471,68,2025-06-09,completed
472,65,2025-07-12,placed
473,5,2025-04-10,placed
474,23,2025-05-28,completed
475,13,2024-09-25,shipped
476,60,2025-01-22,shipped
477,39,2025-07-31,completed
478,71,2025-02-07,placed
479,72,2024-11-06,completed
480,60,2025-03-05,completed
481,31,2025-07-01,returned
482,12,2024-11-03,return_pending
483,57,2025-01-07,completed
484,80,2025-06-09,return_pending
485,26,2025-05-19,completed
486,7,2025-03-31,return_pending
487,22,2025-03-26,return_pending
488,79,2025-03-29,return_pending
489,16,2025-05-03,completed
490,66,2024-12-06,completed
491,74,2025-04-24,returned
492,56,2024-11-28,shipped
493,16,2024-12-18,shipped
494,22,2025-06-23,shipped
495,77,2024-10-21,return_pending
496,79,2025-05-05,shipped
497,45,2024-11-27,return_pending
498,10,2025-05-03,completed
499,20,2025-02-21,placed
500,68,2024-09-23,return_pending
501,20,2025-06-13,completed
502,14,2024-10-21,placed
503,42,2025-01-26,shipped
504,67,2024-12-02,completed
505,72,2024-08-21,returned
506,79,2025-07-16,shipped
507,42,2024-12-08,completed
508,19,2024-11-18,shipped
509,7,2024-10-17,placed
510,68,2025-03-24,completed
511,7,2025-02-28,shipped
512,6,2025-01-22,completed
513,44,2024-10-01,completed
514,77,2025-01-10,return_pending
515,62,2025-01-17,return_pending
516,59,2025-03-10,completed
517,77,2025-07-05,returned
518,21,2024-09-07,completed
519,70,2025-05-13,shipped
520,23,2025-03-09,completed
521,59,2024-10-16,return_pending
522,41,2024-11-27,completed
523,39,2024-09-10,completed
524,8,2025-06-03,returned
525,3,2025-04-25,completed
526,52,2024-12-26,completed
527,73,2025-03-09,completed
528,21,2025-01-03,completed
529,26,2025-05-12,return_pending
530,36,2025-02-02,shipped
531,79,2024-11-21,returned
532,16,2025-05-02,returned
533,58,2025-06-07,returned
534,47,2025-05-01,placed
535,26,2024-09-30,completed
536,21,2025-03-25,shipped
537,16,2025-07-17,placed
538,27,2025-05-30,shipped
539,20,2024-08-06,shipped
540,27,2024-11-18,completed
541,71,2024-08-05,completed
542,53,2025-06-02,completed
543,58,2025-08-04,shipped
544,5,2024-10-21,returned
545,39,2025-04-01,placed
546,37,2025-06-12,placed
547,39,2025-01-25,completed
548,39,2024-08-20,shipped
549,44,2025-05-14,completed
550,28,2025-05-23,shipped
551,67,2025-04-02,completed
552,22,2024-11-17,returned
553,16,2025-06-01,completed
554,61,2025-02-26,completed
555,35,2024-10-25,returned
556,60,2024-09-13,completed
557,40,2024-11-27,shipped
558,66,2025-07-09,completed
559,76,2025-05-17,placed
560,38,2025-05-24,return_pending
561,28,2024-12-15,completed
562,61,2025-01-22,shipped
563,64,2024-11-26,completed
564,67,2024-09-30,completed
565,63,2024-10-29,completed
566,18,2025-01-14,completed
567,40,2024-10-31,completed
568,49,2025-02-11,completed
569,20,2025-06-26,return_pending
570,75,2024-10-07,shipped
571,39,2024-10-19,shipped
572,34,2024-11-03,completed
573,4,2025-05-10,shipped
574,74,2024-12-23,completed
575,42,2024-10-16,placed
576,61,2025-03-21,completed
577,20,2024-10-09,placed
578,10,2025-07-02,completed
579,70,2024-08-19,completed
580,62,2024-11-08,shipped
581,48,2024-09-26,completed
582,5,2025-01-14,completed
583,39,2025-03-25,return_pending
584,67,2025-07-01,completed
585,44,2025-06-06,placed
586,69,2025-02-17,returned
587,33,2025-03-21,shipped
588,16,2025-04-25,shipped
589,19,2024-11-16,returned
590,44,2024-08-19,placed
591,66,2025-04-17,placed
592,33,2024-08-09,return_pending
593,26,2025-03-28,completed
594,34,2024-10-05,shipped
595,72,2025-05-31,completed
596,72,2025-06-04,completed
597,22,2024-09-20,shipped
598,32,2024-10-29,completed
599,44,2025-07-06,completed
600,53,2024-09-15,completed
601,26,2024-10-20,completed
602,38,2024-10-18,completed
603,42,2025-05-14,completed
604,62,2024-10-16,completed
605,44,2025-02-14,placed
606,16,2025-05-13,return_pending
607,47,2024-08-24,placed
608,60,2025-07-23,shipped
609,5,2025-05-29,completed
610,23,2025-02-20,completed
611,26,2025-06-28,returned
612,23,2025-06-25,placed
613,18,2025-02-01,completed
614,30,2025-03-24,completed
615,38,2025-02-16,shipped
616,22,2025-02-08,placed
617,56,2024-12-17,completed
618,51,2025-01-28,placed
619,56,2025-06-25,completed
620,58,2025-07-06,completed
621,49,2024-10-06,completed
622,24,2024-11-02,completed
623,53,2025-03-06,completed
624,72,2025-07-25,completed
625,28,2025-03-17,placed
626,5,2024-09-23,shipped
627,27,2025-03-08,completed
628,77,2024-10-15,placed
629,51,2025-02-13,return_pending
630,22,2025-06-29,returned
631,43,2025-03-28,completed
632,57,2025-06-12,completed
633,40,2024-10-09,completed
634,42,2025-06-22,completed
635,70,2025-01-17,completed
636,39,2024-08-20,return_pending
637,9,2024-12-17,completed
638,5,2025-03-14,returned
639,68,2025-01-23,completed
640,29,2024-08-06,completed
641,57,2024-08-21,return_pending
642,53,2025-05-01,return_pending
643,41,2025-04-29,completed
644,17,2024-10-16,completed
645,80,2025-01-14,placed
646,36,2024-12-10,shipped
647,18,2025-02-02,return_pending
648,57,2024-10-31,shipped
649,17,2024-11-21,completed
650,42,2025-07-22,returned
651,37,2025-05-26,completed
652,3,2024-10-22,completed
653,27,2024-09-22,completed
654,80,2025-06-09,return_pending
655,21,2025-06-20,shipped
656,3,2024-11-19,completed
657,40,2024-12-15,returned
658,67,2024-11-16,placed
659,39,2025-05-21,completed
660,67,2025-06-01,completed
661,44,2025-07-06,completed
662,63,2024-11-16,return_pending
663,10,2024-12-18,shipped
664,11,2025-03-24,completed
665,66,2024-09-21,shipped
666,32,2025-07-31,returned
667,59,2025-02-02,completed
668,31,2025-03-31,completed
669,19,2025-02-11,completed
670,49,2025-03-31,return_pending
671,50,2025-04-24,shipped
672,10,2024-12-19,completed
673,3,2024-11-02,returned
674,23,2024-12-04,completed
675,13,2025-03-08,shipped
676,79,2024-08-26,completed
677,21,2024-11-27,completed
678,51,2025-06-27,completed
679,3,2024-08-16,completed
680,65,2024-11-14,completed
681,78,2025-06-16,completed
682,49,2024-10-16,completed
683,70,2025-05-19,shipped
684,52,2025-04-04,completed
685,13,2025-04-25,shipped
686,16,2024-11-02,returned
687,26,2025-05-19,shipped
688,24,2024-11-25,completed
689,60,2025-04-04,completed
690,23,2025-06-18,returned
691,39,2025-03-21,shipped
692,56,2025-06-02,completed
693,8,2025-02-22,return_pending
694,76,2024-12-21,completed
695,51,2024-10-30,completed
696,29,2025-03-26,completed
697,73,2024-11-24,return_pending
698,16,2025-03-18,return_pending
699,58,2024-10-16,completed
700,24,2024-11-29,shipped
701,74,2025-03-17,completed
702,57,2025-07-31,completed
703,67,2025-07-07,completed
704,7,2025-05-02,placed
705,53,2025-07-10,completed
706,76,2024-11-12,placed
707,57,2024-12-04,returned
708,20,2024-12-05,completed
709,21,2025-04-26,completed
710,80,2025-07-31,shipped
711,72,2025-04-22,return_pending
712,61,2025-08-01,returned
713,79,2025-01-21,shipped
714,54,2025-05-24,return_pending
715,12,2025-01-02,placed
716,61,2025-07-22,shipped
717,26,2025-06-12,completed
718,11,2024-12-06,completed
719,29,2025-04-11,return_pending
720,61,2024-09-29,returned
721,12,2025-05-23,shipped
722,20,2025-08-01,completed
723,39,2025-06-28,placed
724,57,2024-12-23,shipped
725,76,2025-01-05,completed
726,30,2025-01-09,completed
727,54,2024-10-11,shipped
728,60,2024-08-08,return_pending
729,77,2025-07-17,return_pending
730,26,2025-05-09,completed
731,16,2024-10-23,completed
732,20,2025-07-02,completed
733,7,2024-12-11,shipped
734,19,2024-12-15,completed
735,2,2025-05-13,returned
736,68,2024-10-24,placed
737,57,2024-12-19,completed
738,18,2024-09-01,placed
739,44,2024-12-31,shipped
740,18,2025-08-01,shipped
741,47,2025-05-23,completed
742,32,2024-12-06,completed
743,52,2024-11-23,returned
744,59,2025-02-08,shipped
745,2,2025-03-23,completed
746,72,2025-02-03,completed
747,46,2025-03-08,shipped
748,61,2025-02-08,completed
749,48,2025-05-12,placed
750,61,2024-08-23,completed
751,70,2024-08-27,completed
752,33,2025-08-02,shipped
753,42,2024-12-19,shipped
754,61,2025-04-10,returned
755,42,2025-05-31,completed
756,31,2025-05-15,placed
757,36,2025-01-13,completed
758,7,2024-08-31,completed
759,32,2024-11-19,placed
760,75,2025-05-21,completed
761,50,2025-07-23,returned
762,39,2025-03-07,shipped
763,31,2024-09-25,shipped
764,54,2024-12-23,shipped
765,26,2025-03-09,completed
766,54,2025-06-08,shipped
767,57,2025-02-07,completed
768,59,2025-02-15,completed
769,8,2024-12-05,completed
770,51,2024-08-24,completed
771,22,2024-11-08,return_pending
772,22,2025-01-14,placed
773,71,2024-12-23,completed
774,72,2024-09-14,shipped
775,10,2025-03-21,completed
776,43,2025-04-25,shipped
777,47,2025-06-29,placed
778,70,2024-10-09,completed
779,33,2024-11-03,shipped
780,22,2024-09-08,returned
781,61,2024-10-20,returned
782,63,2025-04-27,placed
783,47,2024-08-20,returned
784,32,2024-08-24,completed
785,72,2024-10-18,completed
786,77,2024-11-09,completed
787,43,2025-01-06,shipped
788,66,2025-03-24,return_pending
789,23,2024-08-25,completed
790,79,2025-01-18,completed
791,2,2024-12-16,completed
792,60,2024-09-06,completed
793,41,2025-04-22,shipped
794,12,2025-01-22,shipped
795,50,2025-02-15,return_pending
796,55,2024-11-28,completed
797,22,2024-10-22,shipped
798,18,2024-11-10,return_pending
799,11,2024-09-25,placed
800,62,2025-03-31,returned
801,59,2025-03-23,completed
802,55,2024-11-04,completed
803,77,2024-10-12,completed
804,66,2025-07-11,completed
805,34,2024-08-11,completed
806,17,2025-04-22,returned
807,14,2025-06-17,returned
808,18,2024-09-14,shipped
809,23,2024-11-28,return_pending
810,14,2025-02-07,shipped
811,9,2025-06-09,placed
812,2,2024-10-22,completed
813,34,2025-03-21,completed
814,39,2024-10-20,completed
815,30,2024-08-21,completed
816,76,2025-05-05,completed
817,60,2024-11-05,completed
818,40,2025-07-31,completed
819,18,2025-02-24,return_pending
820,68,2024-08-06,placed
821,5,2025-07-07,shipped
822,34,2025-06-09,completed
823,54,2024-09-09,returned
824,5,2024-10-11,shipped
825,7,2025-05-28,completed
826,67,2024-08-16,placed
827,16,2024-11-19,completed
828,24,2025-02-02,completed
829,3,2024-09-06,placed
830,61,2024-10-09,completed
831,64,2025-05-06,completed
832,76,2024-09-09,completed
833,9,2024-11-26,placed
834,7,2024-12-22,return_pending
835,2,2025-08-01,completed
836,69,2024-08-30,return_pending
837,2,2025-03-05,completed
838,44,2024-10-02,shipped
839,70,2024-11-27,shipped
840,58,2024-09-26,completed
841,80,2025-07-23,returned
842,38,2024-09-06,return_pending
843,47,2025-08-04,returned
844,76,2024-12-07,shipped
845,6,2024-10-09,shipped
846,38,2025-01-29,shipped
847,52,2025-05-28,completed
848,57,2025-01-10,completed
849,18,2025-07-07,completed
850,35,2025-04-24,returned
851,26,2025-07-23,returned
852,2,2025-06-19,completed
853,48,2024-10-10,return_pending
854,31,2025-05-15,placed
855,65,2024-09-01,shipped
856,49,2024-11-02,completed
857,23,2025-01-03,placed
858,72,2024-10-18,completed
859,24,2025-02-25,placed
860,45,2025-03-16,shipped
861,64,2024-08-10,placed
862,59,2024-11-29,completed
863,3,2025-05-03,returned
864,57,2025-02-02,completed
865,71,2025-03-31,shipped
866,21,2025-07-23,completed
867,12,2025-05-25,completed
868,65,2025-06-16,completed
869,46,2024-08-07,completed
870,53,2025-04-02,shipped
871,69,2025-06-27,shipped
872,60,2025-06-26,completed
873,11,2025-07-05,completed
874,9,2025-02-25,shipped
875,58,2024-09-24,completed
876,27,2025-03-21,completed
877,41,2025-04-20,shipped
878,52,2025-04-01,completed
879,12,2025-02-06,placed
880,58,2025-07-23,shipped
881,52,2025-03-13,shipped
882,78,2025-07-15,completed
883,16,2025-01-18,completed
884,41,2025-07-04,return_pending
885,72,2025-07-23,placed
886,10,2025-03-29,placed
887,15,2024-10-21,returned
888,80,2025-07-17,shipped
889,37,2025-03-08,completed
890,47,2024-09-24,completed
891,31,2025-03-26,completed
892,49,2025-03-24,completed
893,29,2025-01-26,return_pending
894,44,2024-12-05,completed
895,21,2025-03-17,returned
896,53,2024-10-29,completed
897,70,2025-05-24,shipped
898,13,2025-01-02,return_pending
899,64,2025-06-07,completed
900,57,2025-05-25,completed
901,75,2025-01-16,shipped
902,59,2025-03-26,shipped
903,4,2024-08-09,completed
904,18,2025-07-06,completed
905,67,2024-09-15,shipped
906,53,2024-11-25,completed
907,42,2025-04-25,shipped
908,17,2024-12-04,returned
909,74,2024-12-05,shipped
910,76,2025-06-22,return_pending
911,65,2024-11-09,completed
912,31,2024-12-12,completed
913,23,2025-02-06,completed
914,46,2025-07-10,returned
915,14,2024-11-19,completed
916,42,2025-08-04,completed
917,63,2025-02-05,returned
918,55,2025-06-11,returned
919,13,2025-02-11,shipped
920,18,2024-11-14,completed
921,75,2024-10-20,shipped
922,64,2025-04-04,returned
923,36,2024-11-21,returned
924,19,2024-11-09,shipped
925,59,2025-08-01,completed
926,21,2025-07-11,completed
927,69,2024-09-20,completed
928,61,2025-06-14,placed
929,50,2024-12-26,returned
930,17,2024-10-24,returned
931,80,2025-01-06,return_pending
932,17,2024-08-20,completed
933,19,2024-10-01,return_pending
934,78,2024-11-23,shipped
935,48,2025-06-03,return_pending
936,42,2024-10-18,return_pending
937,3,2025-07-10,completed
938,42,2025-03-26,placed
939,39,2025-03-14,placed
940,43,2024-11-12,completed
941,63,2024-10-22,completed
942,69,2024-11-22,completed
943,9,2025-07-02,shipped
944,27,2025-06-22,shipped
945,68,2025-03-14,returned
946,67,2025-01-31,completed
947,38,2024-11-27,return_pending
948,3,2024-11-18,completed
949,66,2025-03-21,completed
950,25,2025-05-28,placed
951,42,2025-07-31,placed
952,79,2025-05-07,completed
953,48,2024-11-16,shipped
954,79,2025-08-01,shipped
955,75,2024-10-01,shipped
956,72,2025-06-22,completed
957,60,2024-10-29,completed
958,72,2024-10-15,shipped
959,40,2025-02-11,completed
960,54,2024-08-25,completed
961,49,2025-06-12,completed
962,41,2025-02-04,shipped
963,74,2025-06-11,placed
964,68,2025-05-24,completed
965,68,2024-10-20,completed
966,54,2025-03-08,completed
967,17,2025-04-11,completed
968,3,2025-01-22,return_pending
969,33,2024-10-05,completed
970,65,2025-06-09,shipped
971,29,2024-11-19,shipped
972,36,2025-02-05,completed
973,31,2025-04-24,completed
974,57,2024-10-31,completed
975,65,2024-12-19,shipped
976,4,2025-07-01,completed
977,30,2025-02-08,completed
978,67,2025-07-09,completed
979,28,2025-03-21,return_pending
980,11,2025-07-17,shipped
981,56,2024-11-27,shipped
982,43,2025-02-06,shipped
983,48,2025-06-29,completed
984,44,2024-11-23,completed
985,60,2025-06-01,shipped
986,75,2024-11-21,shipped
987,14,2024-10-29,shipped
988,6,2024-11-22,completed
989,78,2024-10-18,shipped
990,14,2025-04-04,shipped
991,53,2024-08-16,completed
992,41,2024-09-12,completed
993,15,2024-10-11,returned
994,41,2025-03-01,returned
995,19,2024-11-11,returned
996,71,2025-04-20,placed
997,51,2025-05-13,shipped
998,7,2025-03-12,placed
999,44,2024-12-17,completed
1000,58,2025-02-15,completed
